test_year,train_years,load_area,n_predictions,mse,rmse,mae,mape,avg_actual,avg_predicted
2020,2016-2017-2018-2019,AECO,240,6373.674473224073,79.83529591116998,64.18518333333333,7.635666362860567,892.7679458333333,941.032823611111
2020,2016-2017-2018-2019,AEPAPT,240,379006.44865596824,615.6349962891716,526.3079645833333,13.03098394071932,4218.378616666667,4503.59163125
2020,2016-2017-2018-2019,AEPIMP,240,34884.565937892454,186.77410403450597,157.82463854166664,5.675130509361266,2871.430083333333,3025.5563052083335
2020,2016-2017-2018-2019,AEPKPT,240,16233.717311576564,127.41160587472619,115.25050833333334,19.628865824385315,617.8089458333333,727.1457625
2020,2016-2017-2018-2019,AEPOPT,240,198493.87696555338,445.5265165683782,402.17356979166664,7.176120934355683,5790.142158333334,6185.156832291667
2020,2016-2017-2018-2019,AP,240,383405.62479542976,619.1975652370007,546.1161666666667,11.23259244592411,5178.057950000001,5645.03895
2020,2016-2017-2018-2019,BC,240,167574.88825143935,409.3591189303584,347.8133760416667,11.828769874973078,3121.6278749999997,3389.6182552083337
2020,2016-2017-2018-2019,CE,240,936958.0686226577,967.9659439374185,908.3554979166666,9.596960400806068,9534.564066666668,10442.919564583335
2020,2016-2017-2018-2019,DAY,240,28156.544270833332,167.79911880231472,152.725,8.800792251063209,1807.8458333333333,1957.69375
2020,2016-2017-2018-2019,DEOK,240,56808.81921464348,238.3460073394213,211.32443437499995,8.344471835754748,2657.4221791666664,2862.482590625
2020,2016-2017-2018-2019,DOM,240,1173259.316320011,1083.1709543373156,837.305578125,7.962580257493664,10811.242170833335,10894.489634374999
2020,2016-2017-2018-2019,DPLCO,240,73630.9521657474,271.35023892701366,217.5815895833333,12.55454047641667,1851.1102208333332,1974.9261125
2020,2016-2017-2018-2019,DUQ,240,19498.676590246356,139.63766179024324,128.561625,9.877953463556006,1340.0989416666669,1468.6605666666667
2020,2016-2017-2018-2019,EASTON,240,23.15141026953125,4.811591240902666,3.821748958333333,15.831503845487276,26.393587500000002,28.797046874999996
2020,2016-2017-2018-2019,EKPC,240,31480.863606473955,177.42847462139204,146.5244875,10.857101285196615,1422.7535916666666,1517.1396979166666
2020,2016-2017-2018-2019,JC,240,35129.05649386615,187.4274699553567,158.01290416666671,7.498712249589643,2227.129025,2342.517966666667
2020,2016-2017-2018-2019,ME,240,23081.145033905468,151.92480058866448,131.561821875,8.59759521611917,1653.7486416666666,1736.6409239583331
2020,2016-2017-2018-2019,OE,240,249377.4931096177,499.3771051115757,459.06609166666664,7.399694363744562,6342.776220833333,6801.076356250001
2020,2016-2017-2018-2019,OVEC,240,162.70833333333334,12.755717672217951,10.508333333333333,33.02826423310721,33.90416666666667,43.44583333333333
2020,2016-2017-2018-2019,PAPWR,240,5809.317384667188,76.21887813834043,66.2924,13.84180800363761,500.66692083333334,566.4970895833334
2020,2016-2017-2018-2019,PE,240,213204.69639269452,461.7409407803195,407.9696489583333,10.847247480968617,3964.271045833333,4307.5884552083335
2020,2016-2017-2018-2019,PEPCO,240,135206.27324475703,367.70405660633804,334.858928125,14.275281648559899,2445.9649750000003,2763.8675072916667
2020,2016-2017-2018-2019,PLCO,240,191454.24789438254,437.554851297963,363.95779479166663,8.961305736687875,4352.516483333334,4565.817805208334
2020,2016-2017-2018-2019,PN,240,30463.559649967712,174.53813236644797,158.30530000000002,8.876527198762624,1877.2640041666668,2026.8024
2020,2016-2017-2018-2019,PS,240,97424.03376544191,312.1282328874495,271.736090625,6.542524334166229,4311.1590750000005,4548.593765625
2020,2016-2017-2018-2019,RECO,240,101.16569782135417,10.058116017493244,8.948566666666666,6.501004740064145,141.17181666666667,149.31836875
2020,2016-2017-2018-2019,RTO,240,51382155.02188855,7168.134696131801,6343.603655208333,8.285083741998424,80535.64784166667,85976.806803125
2020,2016-2017-2018-2019,SMECO,240,5985.771994517448,77.36777103237141,60.06942812500001,18.50819911977156,360.3654125,402.68354270833333
2020,2016-2017-2018-2019,UGI,240,227.1174302106771,15.070415727864878,12.593009375000001,11.446716391950892,117.38527500000001,124.76328645833334
2020,2016-2017-2018-2019,VMEU,240,24.24737901157408,4.924162772652228,4.104515277777778,6.536984824447783,65.6806125,68.48620277777779
2021,2017-2018-2019-2020,AECO,240,4990.763749976043,70.64533777947447,59.80696041666667,6.723488031445199,922.6484125000001,928.9666041666667
2021,2017-2018-2019-2020,AEPAPT,240,299577.62572722445,547.336848501199,445.1750604166666,9.447769928922128,4621.933541666666,4449.073614583333
2021,2017-2018-2019-2020,AEPIMP,240,15778.30505023698,125.61172337897837,105.33197916666664,3.5770317703064687,3010.8807499999994,3009.7798374999998
2021,2017-2018-2019-2020,AEPKPT,240,11934.342642353124,109.24441698481952,86.16124166666667,13.701141289422955,673.0383625000001,698.0873145833334
2021,2017-2018-2019-2020,AEPOPT,240,283793.28939034947,532.7225257020295,426.362025,6.784857410953449,6266.4136375,6143.359177083333
2021,2017-2018-2019-2020,AP,240,252361.92654190044,502.35637404326866,422.1466770833333,7.33608560347346,5723.128470833334,5576.163575
2021,2017-2018-2019-2020,BC,240,108102.98773281378,328.79018801176807,286.68407604166663,8.553786134204872,3388.6637083333335,3344.6912010416663
2021,2017-2018-2019-2020,CE,240,214284.42466976057,462.90865693974723,387.0127510416666,3.9230753109293572,10148.583470833333,10271.689019791665
2021,2017-2018-2019-2020,DAY,240,19223.39375,138.6484538319847,109.69583333333334,5.841055320334979,1921.6916666666666,1940.3416666666667
2021,2017-2018-2019-2020,DEOK,240,47468.47409728464,217.87260979132884,173.65739479166666,6.230692056050744,2832.6908375,2819.346565625
2021,2017-2018-2019-2020,DOM,240,3153985.5143865803,1775.9463714838296,1441.6115854166667,11.313446546645874,12168.595475,10999.374447916665
2021,2017-2018-2019-2020,DPLCO,240,59406.75035940938,243.7350002757285,210.7262916666667,10.647822521951657,1999.4882708333332,1961.6594083333334
2021,2017-2018-2019-2020,DUQ,240,6963.990722384115,83.45052859259859,65.607753125,4.702027112832022,1420.1033458333332,1438.5281677083333
2021,2017-2018-2019-2020,EASTON,240,18.256621297395835,4.272776766623297,3.707495833333333,13.326402098802268,28.621208333333335,28.169633333333334
2021,2017-2018-2019-2020,EKPC,240,71250.38137912474,266.92767068838094,216.18189270833332,13.954765898052235,1574.4587250000002,1520.0410510416666
2021,2017-2018-2019-2020,JC,240,23538.805821994785,153.42361559419328,128.01730833333332,5.780318541434039,2283.281591666667,2321.8418395833337
2021,2017-2018-2019-2020,ME,240,12812.022324303389,113.19020418880508,99.18471354166668,5.7047525868243,1758.9811625,1735.2241093749997
2021,2017-2018-2019-2020,OE,240,109252.67826937993,330.5339290744294,268.334209375,4.010152489282773,6706.6506625,6699.170951041667
2021,2017-2018-2019-2020,OVEC,240,143.70625,11.987754168316933,10.591666666666667,40.135025124259336,28.425,38.675
2021,2017-2018-2019-2020,PAPWR,240,1863.8528719359376,43.172362362232825,36.47537291666666,6.603802827706493,563.3604041666666,552.7071958333332
2021,2017-2018-2019-2020,PE,240,94305.76110066481,307.0924308749156,243.13993437499997,6.1162082955907335,4127.4720875,4250.774313541667
2021,2017-2018-2019-2020,PEPCO,240,64668.158725277615,254.29934865287723,203.19292291666667,8.063295930348387,2604.9147333333335,2697.1813020833333
2021,2017-2018-2019-2020,PLCO,240,105941.06381645754,325.4858888131059,270.0409781249999,5.962529994611939,4596.263045833333,4559.533596875
2021,2017-2018-2019-2020,PN,240,10363.625486333074,101.80189333373458,79.87346562500001,4.168611269822116,1968.5068291666664,2012.7706927083332
2021,2017-2018-2019-2020,PS,240,54934.37528621951,234.38083387132897,191.91485729166664,4.43930560856149,4416.824045833333,4508.904461458334
2021,2017-2018-2019-2020,RECO,240,59.75445187213541,7.7301003791759015,6.393388541666667,4.539769251959766,142.83523333333332,148.14174895833335
2021,2017-2018-2019-2020,RTO,240,31976222.82075145,5654.7522333654415,4643.014652083333,5.337069285043251,86506.79672916667,85223.16429166666
2021,2017-2018-2019-2020,SMECO,240,5483.98715020651,74.05394756666595,64.39334270833334,15.98574963432946,411.57363333333336,396.388553125
2021,2017-2018-2019-2020,UGI,240,88.27663422656248,9.395564603926816,7.597777083333333,6.140287437106977,125.26860833333333,124.1319375
2021,2017-2018-2019-2020,VMEU,240,34.17319265442708,5.84578417788641,4.4736239583333335,6.140828303686059,71.49980833333333,67.78480520833334
2022,2018-2019-2020-2021,AECO,240,5594.08255435703,74.79359968845617,61.95207395833333,6.787325201032273,937.8300374999999,933.6698322916666
2022,2018-2019-2020-2021,AEPAPT,240,349528.17934708856,591.2090825986087,512.2989645833334,10.54462955993761,4778.905199999999,4454.959016666666
2022,2018-2019-2020-2021,AEPIMP,240,44692.48315784479,211.40596764955524,172.81294166666666,5.582214411157215,3080.4610875000003,2998.8085520833333
2022,2018-2019-2020-2021,AEPKPT,240,14531.163858615104,120.5452772140622,102.43210833333333,12.848270898296043,763.9604083333332,681.5409208333333
2022,2018-2019-2020-2021,AEPOPT,240,435733.9066176047,660.1014366122866,557.06705625,8.311470238331138,6585.401008333333,6156.626664583334
2022,2018-2019-2020-2021,AP,240,471831.5787612656,686.8999772610752,569.73559375,9.148931347216498,6048.562645833333,5600.172458333333
2022,2018-2019-2020-2021,BC,240,119434.94364303231,345.5936105356005,262.38033125000004,7.299782697243057,3491.5043166666665,3359.0085375
2022,2018-2019-2020-2021,CE,240,567914.6256125045,753.6011051030276,629.9580072916668,6.125022872521768,10330.591612499999,10172.764317708334
2022,2018-2019-2020-2021,DAY,240,31710.2625,178.0737557867526,153.29166666666666,7.948817775053012,1979.9416666666666,1928.5479166666667
2022,2018-2019-2020-2021,DEOK,240,99851.18821804949,315.9923863292429,273.14095625,9.038257576568135,2990.5162333333333,2802.8698791666666
2022,2018-2019-2020-2021,DOM,240,4931095.564703685,2220.6070261763302,1895.6703989583334,13.75160513707456,13280.7701625,11386.629617708333
2022,2018-2019-2020-2021,DPLCO,240,71023.05488013152,266.501510089777,208.69802604166668,9.574774523417966,2096.071895833333,1979.8689010416667
2022,2018-2019-2020-2021,DUQ,240,13401.451251765362,115.76463731107769,98.34449270833333,6.607959475409668,1481.4111083333332,1423.7128635416668
2022,2018-2019-2020-2021,EASTON,240,18.993300049218753,4.358130338713925,3.3951260416666664,10.836810282507493,30.189825,28.372609375000003
2022,2018-2019-2020-2021,EKPC,240,145850.0268045672,381.9031641719759,318.9688895833333,16.765813045170873,1792.6841083333334,1527.4891937500001
2022,2018-2019-2020-2021,JC,240,24182.635339220826,155.50766971188534,130.35926041666664,5.763135839211577,2296.889983333333,2313.978552083333
2022,2018-2019-2020-2021,ME,240,19154.133404245837,138.39845882178687,109.22919166666667,5.934947663849386,1821.2948083333333,1747.3386979166667
2022,2018-2019-2020-2021,OE,240,301440.93153624533,549.0363663148784,473.18895,6.7920913216003145,6951.923979166666,6666.083245833333
2022,2018-2019-2020-2021,OVEC,240,112.81944444444444,10.621649798616241,9.044444444444444,19.662617190326216,43.858333333333334,35.25833333333333
2022,2018-2019-2020-2021,PAPWR,240,2989.549903088542,54.67677663403853,47.92812708333334,8.450182581978853,570.3133208333333,551.7712916666666
2022,2018-2019-2020-2021,PE,240,93433.57717802553,305.6690648037932,247.0119833333333,5.71795428098186,4299.181158333333,4214.558010416667
2022,2018-2019-2020-2021,PEPCO,240,48808.71139900911,220.9269367890867,173.02222812499997,6.301077228251102,2729.7703625,2670.2610156250003
2022,2018-2019-2020-2021,PLCO,240,180775.47553506872,425.1769931864479,344.3451895833333,7.077998833334973,4813.438787499999,4585.432747916667
2022,2018-2019-2020-2021,PN,240,19679.219149742705,140.28264022944074,109.76133333333334,5.289394650810167,2061.2023541666667,2000.5744395833333
2022,2018-2019-2020-2021,PS,240,77702.49995701744,278.7516815321792,216.7912114583333,4.662019062105163,4633.576745833334,4484.0184677083325
2022,2018-2019-2020-2021,RECO,240,43.88884606822917,6.624865739637987,5.523583333333333,3.844256223249256,145.51116666666667,145.9742916666667
2022,2018-2019-2020-2021,RTO,240,70277515.16494088,8383.168563552857,6979.296677083332,7.555161534518957,90673.32767500001,85436.93335624998
2022,2018-2019-2020-2021,SMECO,240,5485.950539666666,74.06720286109545,56.02639583333333,12.063192942708278,435.0347958333333,401.387125
2022,2018-2019-2020-2021,UGI,240,152.22807692499998,12.338074279440855,10.2704625,7.861548879466129,130.38385416666668,125.01095
2022,2018-2019-2020-2021,VMEU,240,25.85779925312501,5.085056465087188,4.077189583333334,5.675201181607261,72.14670833333334,69.05948958333335
2023,2019-2020-2021-2022,AECO,240,6676.140251586979,81.70765112024074,62.403272916666666,7.453964888550395,885.2001500000001,920.9021708333333
2023,2019-2020-2021-2022,AEPAPT,240,260231.8970749177,510.12929446848835,394.96959791666666,9.769788113863855,4219.778220833334,4518.18639375
2023,2019-2020-2021-2022,AEPIMP,240,29882.98346678203,172.86695307889832,142.898628125,5.0458012536216845,2861.2230916666667,2980.842967708333
2023,2019-2020-2021-2022,AEPKPT,240,7802.039767596093,88.32915581842778,66.31130312500001,10.767890430450198,645.0529291666667,684.7602239583333
2023,2019-2020-2021-2022,AEPOPT,240,96107.4294832638,310.0119828059293,260.62388020833333,4.235673874589001,6218.006945833333,6159.095017708333
2023,2019-2020-2021-2022,AP,240,220947.6186774276,470.0506554377173,373.0524666666667,7.217632120856793,5337.115233333333,5610.744779166666
2023,2019-2020-2021-2022,BC,240,105335.55561510887,324.55439546416386,272.94530208333333,9.151562852839442,3102.106591666666,3330.4420520833332
2023,2019-2020-2021-2022,CE,240,567767.84761999,753.5037144035788,646.4991083333332,6.896630430235712,9475.898145833333,10072.092302083332
2023,2019-2020-2021-2022,DAY,240,13386.41953125,115.69969546740388,96.01145833333334,5.383040362657147,1833.3666666666666,1892.6635416666666
2023,2019-2020-2021-2022,DEOK,240,44405.71962581198,210.72664669142338,178.43027500000002,6.818991020300278,2676.2316416666667,2823.8619625
2023,2019-2020-2021-2022,DOM,240,1367516.5823519502,1169.408646432867,996.7912322916666,7.833017125689562,12613.918895833334,11811.147313541667
2023,2019-2020-2021-2022,DPLCO,240,41592.0623822638,203.94132092899613,160.208871875,9.133127870799816,1862.7891208333335,1974.0410260416668
2023,2019-2020-2021-2022,DUQ,240,3830.059128672917,61.887471500077595,51.09396666666667,3.6111844303358143,1408.4455916666668,1417.1549479166667
2023,2019-2020-2021-2022,EASTON,240,13.02326137890625,3.6087756066159407,2.8371489583333327,11.677463392458094,26.41391666666667,28.245942708333338
2023,2019-2020-2021-2022,EKPC,240,66874.61311497344,258.60126278688864,209.36622916666667,13.45324211590762,1562.6587666666667,1568.1212395833334
2023,2019-2020-2021-2022,JC,240,25593.531381860157,159.979784291204,123.77159895833333,5.826129612501833,2196.1549583333335,2273.2669802083333
2023,2019-2020-2021-2022,ME,240,24723.822614033594,157.23810802103156,134.32040729166667,8.528350893523674,1616.5985250000003,1738.8935343750002
2023,2019-2020-2021-2022,OE,240,64588.88539569583,254.14343468934197,210.46450416666664,3.2057377766389012,6624.5285791666665,6646.380441666666
2023,2019-2020-2021-2022,OVEC,240,66.79635416666666,8.17290365578028,5.9625,14.210828977137794,39.88333333333333,37.40833333333333
2023,2019-2020-2021-2022,PAPWR,240,1679.1262968330727,40.977143590458724,33.07120104166666,6.4920046354170315,514.4697541666667,542.3440260416667
2023,2019-2020-2021-2022,PE,240,80926.84038034767,284.4764320296985,235.0827989583334,6.142651318370813,3944.909679166667,4148.806984375
2023,2019-2020-2021-2022,PEPCO,240,45691.51703558593,213.75574152659837,182.1432708333333,7.65173238711629,2460.0513250000004,2620.1800229166665
2023,2019-2020-2021-2022,PLCO,240,148205.1147124893,384.97417408507977,315.1740864583333,7.591291675549533,4290.495929166666,4564.162713541667
2023,2019-2020-2021-2022,PN,240,15441.306721322135,124.26305453079019,108.19337187499998,5.850241466330428,1879.0433208333334,1981.057434375
2023,2019-2020-2021-2022,PS,240,45916.28855200573,214.28086370930498,160.54063124999996,3.7098963071680813,4402.504025,4456.618797916667
2023,2019-2020-2021-2022,RECO,240,35.44781847109373,5.953807056925319,4.842734375,3.4222645648002072,141.60536249999998,143.72921354166667
2023,2019-2020-2021-2022,RTO,240,22833902.9968683,4778.483336464437,3865.3161083333334,4.738362201938029,83402.29202916665,85538.59008541665
2023,2019-2020-2021-2022,SMECO,240,3457.23281074401,58.79823816020349,45.92073229166667,13.39520847621595,374.8469666666667,400.28446562500005
2023,2019-2020-2021-2022,UGI,240,94.88678907630207,9.740985015710786,7.803263541666666,6.872023908892453,118.90443333333333,123.61542395833334
2023,2019-2020-2021-2022,VMEU,240,25.878655316927084,5.087106772707556,3.1004468750000003,4.492519281572297,70.08992916666668,69.53983229166667
2024,2020-2021-2022-2023,AECO,240,6103.143183649218,78.12261633899122,58.434890625,6.605757057686752,901.5681750000001,909.6116364583334
2024,2020-2021-2022-2023,AEPAPT,240,296586.3296801684,544.5974014629232,437.32841354166663,10.300662053460172,4376.9644375,4459.748894791667
2024,2020-2021-2022-2023,AEPIMP,240,29448.16235683568,171.60466880838553,147.20725104166667,5.096210836025894,2925.715029166667,2955.998753125
2024,2020-2021-2022-2023,AEPKPT,240,6671.943335755468,81.68196456841295,61.694986458333325,9.712558128599683,664.2892416666667,674.9651614583332
2024,2020-2021-2022-2023,AEPOPT,240,526532.574863253,725.6256437470033,627.7339458333333,9.093444107546047,6825.689037500001,6214.990937500001
2024,2020-2021-2022-2023,AP,240,242828.1135721219,492.7759263317577,409.2537729166667,7.575344043291225,5475.741404166666,5571.716075
2024,2020-2021-2022-2023,BC,240,123861.39410129323,351.93947505401155,296.0240791666666,9.425403378722894,3185.949820833333,3275.9756229166665
2024,2020-2021-2022-2023,CE,240,327909.8398139284,572.634123864382,435.9371322916667,4.316673043896633,10082.561483333333,9872.409323958333
2024,2020-2021-2022-2023,DAY,240,23302.476291874995,152.6514863729633,127.27276666666667,6.770922061884202,1901.95565,1885.7114583333334
2024,2020-2021-2022-2023,DEOK,240,49902.13372008541,223.38785490730112,182.2041020833333,6.621968038182245,2785.796366666667,2789.215222916667
2024,2020-2021-2022-2023,DOM,240,2894449.2391492217,1701.3080964802411,1414.6932468749999,10.14511895294611,13553.103541666665,12218.631676041667
2024,2020-2021-2022-2023,DPLCO,240,42125.54526569635,205.24508585029838,167.79889375000002,9.140974647898622,1895.0400125,1952.3648770833336
2024,2020-2021-2022-2023,DUQ,240,5741.255927628906,75.7710757982814,61.06959479166665,4.272616378751623,1432.1603291666665,1412.5147468750001
2024,2020-2021-2022-2023,EASTON,240,13.449387390364585,3.6673406428043447,2.9471156250000003,11.718583393901262,26.483258333333332,27.904634375
2024,2020-2021-2022-2023,EKPC,240,72215.76936862603,268.72991900535754,217.44207291666666,12.88549080490945,1676.9292916666666,1588.1387979166664
2024,2020-2021-2022-2023,JC,240,30384.671659932814,174.31199516938818,137.0439333333333,6.1543642217671835,2236.974304166667,2250.8638895833333
2024,2020-2021-2022-2023,ME,240,25189.3733193862,158.71160423669784,132.5952322916667,8.296684862599633,1617.3506166666666,1712.655784375
2024,2020-2021-2022-2023,OE,240,131213.22960470105,362.23366713311043,292.3878020833334,4.436989378742484,6688.925158333334,6656.469860416666
2024,2020-2021-2022-2023,OVEC,240,90.47838541666667,9.512012690102273,6.719791666666667,17.26743137503109,37.43333333333333,36.51770833333333
2024,2020-2021-2022-2023,PAPWR,240,1361.3650514953122,36.89668076528446,29.03959375,5.477083123685569,540.1388666666667,537.2026000000001
2024,2020-2021-2022-2023,PE,240,88911.88945286852,298.1809676234694,237.6045072916667,6.056175459497492,4005.5967458333334,4083.9584927083333
2024,2020-2021-2022-2023,PEPCO,240,55683.296902940376,235.97308512400386,197.73607187500002,8.119431044469172,2465.745470833333,2560.1753489583334
2024,2020-2021-2022-2023,PLCO,240,153303.05001897787,391.53933393591234,317.455471875,7.418864238239574,4363.944450000001,4513.178561458333
2024,2020-2021-2022-2023,PN,240,20921.83618114167,144.64382524374025,118.54934791666666,6.541630065694609,1853.2997833333332,1946.5041270833333
2024,2020-2021-2022-2023,PS,240,71239.89188723073,266.9080213991905,214.9251895833333,4.90744460094816,4380.828041666667,4441.015972916667
2024,2020-2021-2022-2023,RECO,240,42.78156588515625,6.540761873448401,5.315232291666666,3.7408234368206545,141.05072083333332,142.78089479166664
2024,2020-2021-2022-2023,RTO,240,35717224.85947313,5976.388948141941,4676.919808333334,5.343492107172421,86612.002825,85279.51606875
2024,2020-2021-2022-2023,SMECO,240,3846.13683229323,62.01723012432295,50.97067916666666,14.111408564582565,378.3703125,395.4552020833334
2024,2020-2021-2022-2023,UGI,240,147.87632944244788,12.160441169729324,9.826807291666663,8.588302152129415,118.85779166666666,122.98554270833333
2024,2020-2021-2022-2023,VMEU,240,45.93840770104166,6.777787817646821,4.436258333333333,5.855524499475067,73.54015000000001,69.85426458333333
