load_area,feature,importance,importance_norm
AECO,day_of_week,0.00992446020245552,0.009924460590656237
AECO,month,0.09245889633893967,0.09245889995552022
AECO,day_of_month,0.005331702996045351,0.005331703204597844
AECO,is_blackfriday,0.0,0.0
AECO,is_thanksgiving,0.011824611574411392,0.011824612036937573
AECO,days_from_bf,0.05774034187197685,0.057740344130522064
AECO,peak_hour_lag_2d,0.14069290459156036,0.14069291009484067
AECO,peak_hour_lag_3d,0.27821487188339233,0.27821488276592
AECO,peak_hour_lag_4d,0.04329749569296837,0.043297497386573715
AECO,peak_hour_lag_5d,0.03923024609684944,0.039230247631362083
AECO,peak_hour_lag_6d,0.09377972036600113,0.09377972403424643
AECO,peak_hour_lag_7d,0.10231313109397888,0.10231313509601324
AECO,peak_hour_lag_8d,0.038877155631780624,0.03887715715248194
AECO,peak_hour_lag_9d,0.01942923478782177,0.01942923554780697
AECO,peak_hour_bf_lag_1yr,0.023769225925207138,0.023769226854953474
AECO,peak_hour_bf_lag_2yr,0.027483537793159485,0.027483538868193172
AECO,peak_hour_bf_lag_3yr,0.009828472509980202,0.009828472894426307
AECO,peak_hour_bf_lag_4yr,0.0058039515279233456,0.0058039517549481
AEPAPT,day_of_week,0.07589224725961685,0.07589224584601362
AEPAPT,month,0.10357608646154404,0.10357608453228913
AEPAPT,day_of_month,0.016073603183031082,0.0160736028836369
AEPAPT,is_blackfriday,0.0,0.0
AEPAPT,is_thanksgiving,0.0,0.0
AEPAPT,days_from_bf,0.11104964464902878,0.111049642580568
AEPAPT,peak_hour_lag_2d,0.1254166215658188,0.12541661922975222
AEPAPT,peak_hour_lag_3d,0.06390942633152008,0.06390942514111428
AEPAPT,peak_hour_lag_4d,0.030483676120638847,0.030483675552836143
AEPAPT,peak_hour_lag_5d,0.08523803949356079,0.08523803790587861
AEPAPT,peak_hour_lag_6d,0.05555092170834541,0.055550920673628885
AEPAPT,peak_hour_lag_7d,0.12420337647199631,0.12420337415852818
AEPAPT,peak_hour_lag_8d,0.0745319277048111,0.07453192631654579
AEPAPT,peak_hour_lag_9d,0.04208739101886749,0.04208739023492876
AEPAPT,peak_hour_bf_lag_1yr,0.02002386935055256,0.020023868977578935
AEPAPT,peak_hour_bf_lag_2yr,0.027546865865588188,0.027546865352487838
AEPAPT,peak_hour_bf_lag_3yr,0.022915281355381012,0.022915280928550642
AEPAPT,peak_hour_bf_lag_4yr,0.02150104008615017,0.021501039685662096
AEPIMP,day_of_week,0.12870095670223236,0.1287009466338162
AEPIMP,month,0.10108205676078796,0.10108204885302847
AEPIMP,day_of_month,0.03452854976058006,0.03452854705937397
AEPIMP,is_blackfriday,0.0,0.0
AEPIMP,is_thanksgiving,0.0,0.0
AEPIMP,days_from_bf,0.10666349530220032,0.1066634869577988
AEPIMP,peak_hour_lag_2d,0.06150031089782715,0.06150030608659078
AEPIMP,peak_hour_lag_3d,0.04822946712374687,0.048229463350703085
AEPIMP,peak_hour_lag_4d,0.053685735911130905,0.05368573171123726
AEPIMP,peak_hour_lag_5d,0.04839228838682175,0.048392284601040274
AEPIMP,peak_hour_lag_6d,0.06342995166778564,0.06342994670559138
AEPIMP,peak_hour_lag_7d,0.09462273120880127,0.09462272380636186
AEPIMP,peak_hour_lag_8d,0.049922797828912735,0.04992279392339784
AEPIMP,peak_hour_lag_9d,0.03820246085524559,0.03820245786662543
AEPIMP,peak_hour_bf_lag_1yr,0.042405810207128525,0.04240580688967576
AEPIMP,peak_hour_bf_lag_2yr,0.045543696731328964,0.04554369316839592
AEPIMP,peak_hour_bf_lag_3yr,0.042367883026599884,0.042367879712114205
AEPIMP,peak_hour_bf_lag_4yr,0.04072188585996628,0.040721882674248755
AEPKPT,day_of_week,0.07332859933376312,0.0733286049337551
AEPKPT,month,0.08984227478504181,0.0898422816461577
AEPKPT,day_of_month,0.026822984218597412,0.026822986267027327
AEPKPT,is_blackfriday,0.0,0.0
AEPKPT,is_thanksgiving,0.0,0.0
AEPKPT,days_from_bf,0.08774667978286743,0.08774668648394597
AEPKPT,peak_hour_lag_2d,0.1176137924194336,0.11761380140141743
AEPKPT,peak_hour_lag_3d,0.08779385685920715,0.08779386356388853
AEPKPT,peak_hour_lag_4d,0.09282039850950241,0.09282040559805302
AEPKPT,peak_hour_lag_5d,0.09677992016077042,0.09677992755170359
AEPKPT,peak_hour_lag_6d,0.05108876898884773,0.05108877289041819
AEPKPT,peak_hour_lag_7d,0.06264694780111313,0.06264695258536386
AEPKPT,peak_hour_lag_8d,0.0525813065469265,0.05258131056247974
AEPKPT,peak_hour_lag_9d,0.04025885462760925,0.04025885770211586
AEPKPT,peak_hour_bf_lag_1yr,0.030649933964014053,0.030649936304702217
AEPKPT,peak_hour_bf_lag_2yr,0.02949879691004753,0.029498799162825134
AEPKPT,peak_hour_bf_lag_3yr,0.029589451849460602,0.029589454109161382
AEPKPT,peak_hour_bf_lag_4yr,0.030937356874346733,0.03093735923698494
AEPOPT,day_of_week,0.08801697194576263,0.08801696243698928
AEPOPT,month,0.16930893063545227,0.16930891234443166
AEPOPT,day_of_month,0.032298848032951355,0.03229884454359676
AEPOPT,is_blackfriday,0.0,0.0
AEPOPT,is_thanksgiving,0.0,0.0
AEPOPT,days_from_bf,0.13663923740386963,0.13663922264226727
AEPOPT,peak_hour_lag_2d,0.056713782250881195,0.05671377612389807
AEPOPT,peak_hour_lag_3d,0.041690975427627563,0.04169097092360945
AEPOPT,peak_hour_lag_4d,0.06879980117082596,0.06879979373814904
AEPOPT,peak_hour_lag_5d,0.06042782589793205,0.06042781936970815
AEPOPT,peak_hour_lag_6d,0.03762662038207054,0.037626616317138546
AEPOPT,peak_hour_lag_7d,0.07609976828098297,0.07609976005966573
AEPOPT,peak_hour_lag_8d,0.0482218861579895,0.04822188094841485
AEPOPT,peak_hour_lag_9d,0.03638382628560066,0.03638382235493195
AEPOPT,peak_hour_bf_lag_1yr,0.03590843826532364,0.03590843438601271
AEPOPT,peak_hour_bf_lag_2yr,0.03423813357949257,0.03423812988063035
AEPOPT,peak_hour_bf_lag_3yr,0.034284573048353195,0.034284569344473964
AEPOPT,peak_hour_bf_lag_4yr,0.04334048926830292,0.0433404845860822
AP,day_of_week,0.07115492969751358,0.07115493380614174
AP,month,0.2208753228187561,0.22087533557253966
AP,day_of_month,0.028231408447027206,0.028231410077165276
AP,is_blackfriday,0.0,0.0
AP,is_thanksgiving,0.0,0.0
AP,days_from_bf,0.15291732549667358,0.15291733432642624
AP,peak_hour_lag_2d,0.07192090898752213,0.07192091314037946
AP,peak_hour_lag_3d,0.04689374566078186,0.046893748368520664
AP,peak_hour_lag_4d,0.0494907908141613,0.04949079367185869
AP,peak_hour_lag_5d,0.03735237196087837,0.037352374117679145
AP,peak_hour_lag_6d,0.04065613076090813,0.04065613310847455
AP,peak_hour_lag_7d,0.06197414919734001,0.06197415277585152
AP,peak_hour_lag_8d,0.03565254062414169,0.0356525426827908
AP,peak_hour_lag_9d,0.05409746244549751,0.05409746556919335
AP,peak_hour_bf_lag_1yr,0.030991721898317337,0.030991723687841435
AP,peak_hour_bf_lag_2yr,0.03189828619360924,0.03189828803548017
AP,peak_hour_bf_lag_3yr,0.029515603557229042,0.02951560526151911
AP,peak_hour_bf_lag_4yr,0.03637724369764328,0.03637724579813819
BC,day_of_week,0.03495030850172043,0.03495030815180781
BC,month,0.17495086789131165,0.17495086613975297
BC,day_of_month,0.0030996573623269796,0.0030996573312940855
BC,is_blackfriday,0.0,0.0
BC,is_thanksgiving,0.0,0.0
BC,days_from_bf,0.08602654188871384,0.0860265410274404
BC,peak_hour_lag_2d,0.0663280189037323,0.06632801823967491
BC,peak_hour_lag_3d,0.20923706889152527,0.20923706679670284
BC,peak_hour_lag_4d,0.1782674789428711,0.17826747715810745
BC,peak_hour_lag_5d,0.022765880450606346,0.022765880222680782
BC,peak_hour_lag_6d,0.04178948700428009,0.04178948658589555
BC,peak_hour_lag_7d,0.1140466183423996,0.11404661720059707
BC,peak_hour_lag_8d,0.013390844687819481,0.013390844553754127
BC,peak_hour_lag_9d,0.014190757647156715,0.014190757505082858
BC,peak_hour_bf_lag_1yr,0.02009725011885166,0.02009724991764367
BC,peak_hour_bf_lag_2yr,0.017102401703596115,0.0171024015323717
BC,peak_hour_bf_lag_3yr,0.002044151071459055,0.002044151050993592
BC,peak_hour_bf_lag_4yr,0.001712676603347063,0.0017126765862002285
CE,day_of_week,0.0421699583530426,0.04216995976690068
CE,month,0.2879023551940918,0.2879023648467708
CE,day_of_month,0.01857241429388523,0.018572414916573965
CE,is_blackfriday,0.0,0.0
CE,is_thanksgiving,0.02474256418645382,0.024742565016012956
CE,days_from_bf,0.10920896381139755,0.10920896747291352
CE,peak_hour_lag_2d,0.042421355843544006,0.04242135726583084
CE,peak_hour_lag_3d,0.03679729625582695,0.03679729748955249
CE,peak_hour_lag_4d,0.02811596170067787,0.028115962643338977
CE,peak_hour_lag_5d,0.03672679886221886,0.036726800093580786
CE,peak_hour_lag_6d,0.063233382999897,0.06323338511996145
CE,peak_hour_lag_7d,0.15297871828079224,0.15297872340980362
CE,peak_hour_lag_8d,0.03560224547982216,0.0356022466734805
CE,peak_hour_lag_9d,0.02801908552646637,0.028019086465879448
CE,peak_hour_bf_lag_1yr,0.026560897007584572,0.02656089789810807
CE,peak_hour_bf_lag_2yr,0.021043231710791588,0.021043232416320935
CE,peak_hour_bf_lag_3yr,0.019722793251276016,0.01972279391253421
CE,peak_hour_bf_lag_4yr,0.026181943714618683,0.02618194459243678
DAY,day_of_week,0.09652243554592133,0.09652243356826386
DAY,month,0.1753906011581421,0.1753905975645472
DAY,day_of_month,0.026102324947714806,0.026102324412901758
DAY,is_blackfriday,0.0,0.0
DAY,is_thanksgiving,0.0,0.0
DAY,days_from_bf,0.12775638699531555,0.12775638437770265
DAY,peak_hour_lag_2d,0.07160399854183197,0.07160399707473075
DAY,peak_hour_lag_3d,0.0470145121216774,0.04701451115839254
DAY,peak_hour_lag_4d,0.029699213802814484,0.029699213194304436
DAY,peak_hour_lag_5d,0.036213718354701996,0.036213717612715635
DAY,peak_hour_lag_6d,0.03819650039076805,0.03819649960815628
DAY,peak_hour_lag_7d,0.11304239183664322,0.11304238952050677
DAY,peak_hour_lag_8d,0.04495769739151001,0.044957696470367424
DAY,peak_hour_lag_9d,0.027812259271740913,0.027812258701892856
DAY,peak_hour_bf_lag_1yr,0.0450836643576622,0.045083663433938666
DAY,peak_hour_bf_lag_2yr,0.030379606410861015,0.030379605788410338
DAY,peak_hour_bf_lag_3yr,0.04744948074221611,0.047449479770019135
DAY,peak_hour_bf_lag_4yr,0.0427752286195755,0.04277522774314973
DEOK,day_of_week,0.07905669510364532,0.07905669451462705
DEOK,month,0.23203814029693604,0.23203813856811717
DEOK,day_of_month,0.023844119161367416,0.023844118983714885
DEOK,is_blackfriday,0.0,0.0
DEOK,is_thanksgiving,0.0,0.0
DEOK,days_from_bf,0.13938267529010773,0.13938267425162587
DEOK,peak_hour_lag_2d,0.03947874903678894,0.03947874874264934
DEOK,peak_hour_lag_3d,0.03232080116868019,0.03232080092787146
DEOK,peak_hour_lag_4d,0.06052582338452339,0.060525822933570866
DEOK,peak_hour_lag_5d,0.032762616872787476,0.03276261662868696
DEOK,peak_hour_lag_6d,0.0340045690536499,0.03400456880029612
DEOK,peak_hour_lag_7d,0.0930875837802887,0.09308758308673215
DEOK,peak_hour_lag_8d,0.031923647969961166,0.031923647732111454
DEOK,peak_hour_lag_9d,0.03440934419631958,0.03440934393994999
DEOK,peak_hour_bf_lag_1yr,0.04085751622915268,0.04085751592474046
DEOK,peak_hour_bf_lag_2yr,0.043267492204904556,0.04326749188253662
DEOK,peak_hour_bf_lag_3yr,0.03958379104733467,0.039583790752412445
DEOK,peak_hour_bf_lag_4yr,0.04345644265413284,0.043456442330357115
DOM,day_of_week,0.054169911891222,0.054169908839017636
DOM,month,0.14631463587284088,0.14631462762874087
DOM,day_of_month,0.006475877016782761,0.006475876651899389
DOM,is_blackfriday,0.0,0.0
DOM,is_thanksgiving,0.0,0.0
DOM,days_from_bf,0.1135924831032753,0.11359247670290541
DOM,peak_hour_lag_2d,0.07831864058971405,0.07831863617684925
DOM,peak_hour_lag_3d,0.07508396357297897,0.0750839593423721
DOM,peak_hour_lag_4d,0.08293696492910385,0.08293696025601952
DOM,peak_hour_lag_5d,0.041385065764188766,0.041385063432346714
DOM,peak_hour_lag_6d,0.06652882695198059,0.066528823203413
DOM,peak_hour_lag_7d,0.12999649345874786,0.1299964861340938
DOM,peak_hour_lag_8d,0.07551408559083939,0.07551408133599728
DOM,peak_hour_lag_9d,0.02994832582771778,0.029948324140278985
DOM,peak_hour_bf_lag_1yr,0.001336182001978159,0.0013361819266909673
DOM,peak_hour_bf_lag_2yr,0.011791802942752838,0.011791802278343554
DOM,peak_hour_bf_lag_3yr,0.03331715986132622,0.03331715798407042
DOM,peak_hour_bf_lag_4yr,0.053289636969566345,0.05328963396696108
DPLCO,day_of_week,0.038390152156353,0.03839015258539639
DPLCO,month,0.2333013415336609,0.2333013441410066
DPLCO,day_of_month,0.024286571890115738,0.024286572161539333
DPLCO,is_blackfriday,0.0,0.0
DPLCO,is_thanksgiving,0.0,0.0
DPLCO,days_from_bf,0.1548936367034912,0.15489363843456253
DPLCO,peak_hour_lag_2d,0.06965772062540054,0.06965772140388625
DPLCO,peak_hour_lag_3d,0.036823444068431854,0.03682344447996592
DPLCO,peak_hour_lag_4d,0.06083536520600319,0.06083536588589138
DPLCO,peak_hour_lag_5d,0.04574159160256386,0.04574159211376599
DPLCO,peak_hour_lag_6d,0.0640958771109581,0.06409587782728536
DPLCO,peak_hour_lag_7d,0.06062440201640129,0.06062440269393179
DPLCO,peak_hour_lag_8d,0.038713935762643814,0.03871393619530577
DPLCO,peak_hour_lag_9d,0.04794134199619293,0.04794134253197919
DPLCO,peak_hour_bf_lag_1yr,0.04130382463335991,0.04130382509496613
DPLCO,peak_hour_bf_lag_2yr,0.024949390441179276,0.024949390720010445
DPLCO,peak_hour_bf_lag_3yr,0.02033676952123642,0.020336769748517534
DPLCO,peak_hour_bf_lag_4yr,0.038104623556137085,0.038104623981989445
DUQ,day_of_week,0.0675927996635437,0.06759279626420606
DUQ,month,0.18078425526618958,0.18078424617429328
DUQ,day_of_month,0.026015618816018105,0.026015617507655783
DUQ,is_blackfriday,0.0,0.0
DUQ,is_thanksgiving,0.027547135949134827,0.02754713456375034
DUQ,days_from_bf,0.1297893077135086,0.12978930118622048
DUQ,peak_hour_lag_2d,0.04618320241570473,0.04618320009308606
DUQ,peak_hour_lag_3d,0.04390377551317215,0.04390377330518909
DUQ,peak_hour_lag_4d,0.03305333852767944,0.03305333686538023
DUQ,peak_hour_lag_5d,0.03783421963453293,0.03783421773179643
DUQ,peak_hour_lag_6d,0.03623395040631294,0.03623394858405625
DUQ,peak_hour_lag_7d,0.11323725432157516,0.11323724862671325
DUQ,peak_hour_lag_8d,0.04576016217470169,0.04576015987335832
DUQ,peak_hour_lag_9d,0.03844491019845009,0.0384449082650011
DUQ,peak_hour_bf_lag_1yr,0.05012493580579758,0.05012493328494355
DUQ,peak_hour_bf_lag_2yr,0.048724718391895294,0.04872471594146019
DUQ,peak_hour_bf_lag_3yr,0.032987456768751144,0.03298745510976522
DUQ,peak_hour_bf_lag_4yr,0.041783008724451065,0.04178300662312437
EASTON,day_of_week,0.08080507814884186,0.08080508025599853
EASTON,month,0.1493293195962906,0.14932932349035616
EASTON,day_of_month,0.022118007764220238,0.02211800834099225
EASTON,is_blackfriday,0.0,0.0
EASTON,is_thanksgiving,0.0,0.0
EASTON,days_from_bf,0.13674630224704742,0.13674630581298522
EASTON,peak_hour_lag_2d,0.09409419447183609,0.09409419692553349
EASTON,peak_hour_lag_3d,0.06311202049255371,0.06311202213832794
EASTON,peak_hour_lag_4d,0.05882629379630089,0.05882629533031608
EASTON,peak_hour_lag_5d,0.07806609570980072,0.07806609774553286
EASTON,peak_hour_lag_6d,0.04197022691369057,0.04197022800814955
EASTON,peak_hour_lag_7d,0.07149765640497208,0.07149765826941881
EASTON,peak_hour_lag_8d,0.035734545439481735,0.03573454637133265
EASTON,peak_hour_lag_9d,0.04765338450670242,0.047653385749361295
EASTON,peak_hour_bf_lag_1yr,0.02552264928817749,0.025522649953732452
EASTON,peak_hour_bf_lag_2yr,0.028684137389063835,0.028684138137061027
EASTON,peak_hour_bf_lag_3yr,0.0302574522793293,0.030257453068353875
EASTON,peak_hour_bf_lag_4yr,0.035582609474658966,0.035582610402547836
EKPC,day_of_week,0.09382326900959015,0.09382327914563975
EKPC,month,0.12511378526687622,0.12511379878334764
EKPC,day_of_month,0.029993519186973572,0.029993522427276337
EKPC,is_blackfriday,0.0,0.0
EKPC,is_thanksgiving,0.0,0.0
EKPC,days_from_bf,0.11824065446853638,0.11824066724247988
EKPC,peak_hour_lag_2d,0.07264933735132217,0.0726493451998793
EKPC,peak_hour_lag_3d,0.0570930615067482,0.05709306767470748
EKPC,peak_hour_lag_4d,0.10364057868719101,0.10364058988383824
EKPC,peak_hour_lag_5d,0.057414572685956955,0.057414578888650196
EKPC,peak_hour_lag_6d,0.04207504913210869,0.04207505367762058
EKPC,peak_hour_lag_7d,0.07280156016349792,0.0728015680285002
EKPC,peak_hour_lag_8d,0.04541531205177307,0.04541531695814502
EKPC,peak_hour_lag_9d,0.052303485572338104,0.05230349122286307
EKPC,peak_hour_bf_lag_1yr,0.03504455089569092,0.035044554681673966
EKPC,peak_hour_bf_lag_2yr,0.03336280584335327,0.03336280944765163
EKPC,peak_hour_bf_lag_3yr,0.031297456473112106,0.03129745985428369
EKPC,peak_hour_bf_lag_4yr,0.029730893671512604,0.029730896883443034
JC,day_of_week,0.013584277592599392,0.013584277655856115
JC,month,0.27615365386009216,0.27615365514603285
JC,day_of_month,0.004834761377424002,0.004834761399937614
JC,is_blackfriday,0.0,0.0
JC,is_thanksgiving,0.01825428381562233,0.018254283900625463
JC,days_from_bf,0.08818451315164566,0.0881845135622868
JC,peak_hour_lag_2d,0.12769103050231934,0.12769103109692703
JC,peak_hour_lag_3d,0.05447807535529137,0.05447807560897468
JC,peak_hour_lag_4d,0.08764093369245529,0.0876409341005652
JC,peak_hour_lag_5d,0.040813323110342026,0.040813323300393875
JC,peak_hour_lag_6d,0.09289207309484482,0.09289207352740725
JC,peak_hour_lag_7d,0.09532523900270462,0.09532523944659736
JC,peak_hour_lag_8d,0.019319970160722733,0.019319970250688354
JC,peak_hour_lag_9d,0.018227338790893555,0.018227338875771215
JC,peak_hour_bf_lag_1yr,0.024943672120571136,0.02494367223672416
JC,peak_hour_bf_lag_2yr,0.012281188741326332,0.012281188798515074
JC,peak_hour_bf_lag_3yr,0.018280981108546257,0.01828098119367371
JC,peak_hour_bf_lag_4yr,0.007094679865986109,0.007094679899023287
ME,day_of_week,0.07727152854204178,0.07727152839811234
ME,month,0.2034490406513214,0.20344904027236804
ME,day_of_month,0.023148002102971077,0.023148002059854563
ME,is_blackfriday,0.0,0.0
ME,is_thanksgiving,0.0,0.0
ME,days_from_bf,0.12226061522960663,0.12226061500187849
ME,peak_hour_lag_2d,0.036897286772727966,0.036897286704001414
ME,peak_hour_lag_3d,0.034052178263664246,0.03405217820023712
ME,peak_hour_lag_4d,0.04483471065759659,0.04483471057408543
ME,peak_hour_lag_5d,0.061011411249637604,0.061011411135994995
ME,peak_hour_lag_6d,0.03523620590567589,0.03523620584004334
ME,peak_hour_lag_7d,0.10649102181196213,0.10649102161360714
ME,peak_hour_lag_8d,0.050171155482530594,0.050171155389079534
ME,peak_hour_lag_9d,0.04294990748167038,0.04294990740166994
ME,peak_hour_bf_lag_1yr,0.04658036679029465,0.04658036670353195
ME,peak_hour_bf_lag_2yr,0.04036090895533562,0.040360908880157566
ME,peak_hour_bf_lag_3yr,0.03768623620271683,0.03768623613252074
ME,peak_hour_bf_lag_4yr,0.03759942576289177,0.03759942569285738
OE,day_of_week,0.07906851172447205,0.07906851349179105
OE,month,0.1633114367723465,0.16331144042264165
OE,day_of_month,0.01826516166329384,0.018265162071552026
OE,is_blackfriday,0.0,0.0
OE,is_thanksgiving,0.0386759378015995,0.0386759386660741
OE,days_from_bf,0.11641597747802734,0.11641598008012727
OE,peak_hour_lag_2d,0.04250861704349518,0.04250861799363683
OE,peak_hour_lag_3d,0.038349539041519165,0.03834953989869818
OE,peak_hour_lag_4d,0.03898727893829346,0.03898727980972707
OE,peak_hour_lag_5d,0.032071083784103394,0.03207108450094799
OE,peak_hour_lag_6d,0.03385857865214348,0.0338585794089417
OE,peak_hour_lag_7d,0.17170949280261993,0.17170949664062626
OE,peak_hour_lag_8d,0.0407981313765049,0.04079813228841422
OE,peak_hour_lag_9d,0.029349973425269127,0.02934997408129217
OE,peak_hour_bf_lag_1yr,0.043692801147699356,0.043692802124309586
OE,peak_hour_bf_lag_2yr,0.042932555079460144,0.04293255603907755
OE,peak_hour_bf_lag_3yr,0.028138650581240654,0.02813865121018852
OE,peak_hour_bf_lag_4yr,0.0418662503361702,0.041866251271953835
OVEC,day_of_week,0.07072717696428299,0.07072717854515863
OVEC,month,0.07843571901321411,0.07843572076638909
OVEC,day_of_month,0.050916146486997604,0.05091614762506219
OVEC,is_blackfriday,0.0,0.0
OVEC,is_thanksgiving,0.0,0.0
OVEC,days_from_bf,0.07817406952381134,0.078174071271138
OVEC,peak_hour_lag_2d,0.0646631196141243,0.06466312105945768
OVEC,peak_hour_lag_3d,0.07120916247367859,0.07120916406532744
OVEC,peak_hour_lag_4d,0.05472200736403465,0.05472200858716686
OVEC,peak_hour_lag_5d,0.06725933402776718,0.06725933553113048
OVEC,peak_hour_lag_6d,0.056264542043209076,0.05626454330081962
OVEC,peak_hour_lag_7d,0.05561037361621857,0.05561037485920731
OVEC,peak_hour_lag_8d,0.06515007466077805,0.06515007611699572
OVEC,peak_hour_lag_9d,0.05869129300117493,0.05869129431302758
OVEC,peak_hour_bf_lag_1yr,0.055238597095012665,0.05523859832969155
OVEC,peak_hour_bf_lag_2yr,0.05798746645450592,0.057987467750626825
OVEC,peak_hour_bf_lag_3yr,0.052148327231407166,0.05214832839701314
OVEC,peak_hour_bf_lag_4yr,0.06280256807804108,0.06280256948178789
PAPWR,day_of_week,0.09522490203380585,0.09522490558121002
PAPWR,month,0.14628858864307404,0.14628859409274883
PAPWR,day_of_month,0.03394576162099838,0.033945762885576596
PAPWR,is_blackfriday,0.0,0.0
PAPWR,is_thanksgiving,0.0,0.0
PAPWR,days_from_bf,0.1361600011587143,0.1361600062310698
PAPWR,peak_hour_lag_2d,0.06630618125200272,0.06630618372210055
PAPWR,peak_hour_lag_3d,0.049466099590063095,0.049466101432818974
PAPWR,peak_hour_lag_4d,0.03866668418049812,0.03866668562094441
PAPWR,peak_hour_lag_5d,0.040046967566013336,0.04004696905787919
PAPWR,peak_hour_lag_6d,0.042528875172138214,0.04252887675646234
PAPWR,peak_hour_lag_7d,0.07319082319736481,0.07319082592393554
PAPWR,peak_hour_lag_8d,0.040121544152498245,0.04012154564714229
PAPWR,peak_hour_lag_9d,0.0468732975423336,0.04687329928850007
PAPWR,peak_hour_bf_lag_1yr,0.04685671627521515,0.04685671802076392
PAPWR,peak_hour_bf_lag_2yr,0.0459824837744236,0.04598248548740467
PAPWR,peak_hour_bf_lag_3yr,0.048272836953401566,0.04827283875170495
PAPWR,peak_hour_bf_lag_4yr,0.050068199634552,0.050068201499737855
PE,day_of_week,0.04459253326058388,0.044592533302113914
PE,month,0.20744937658309937,0.20744937677630165
PE,day_of_month,0.00859410036355257,0.008594100371556451
PE,is_blackfriday,0.0,0.0
PE,is_thanksgiving,0.031015586107969284,0.0310155861368548
PE,days_from_bf,0.12403544783592224,0.12403544795143925
PE,peak_hour_lag_2d,0.0363704189658165,0.03637041899968909
PE,peak_hour_lag_3d,0.0670674741268158,0.06706747418927725
PE,peak_hour_lag_4d,0.05658375471830368,0.05658375477100141
PE,peak_hour_lag_5d,0.03842153772711754,0.03842153776290039
PE,peak_hour_lag_6d,0.05153191462159157,0.05153191466958441
PE,peak_hour_lag_7d,0.11371653527021408,0.11371653537612086
PE,peak_hour_lag_8d,0.06271645426750183,0.06271645432591108
PE,peak_hour_lag_9d,0.022418871521949768,0.02241887154282897
PE,peak_hour_bf_lag_1yr,0.04601186141371727,0.04601186145656916
PE,peak_hour_bf_lag_2yr,0.04104853421449661,0.04104853425272604
PE,peak_hour_bf_lag_3yr,0.024278419092297554,0.024278419114908596
PE,peak_hour_bf_lag_4yr,0.02414717897772789,0.024147179000216703
PEPCO,day_of_week,0.15751953423023224,0.15751951794636762
PEPCO,month,0.1669081598520279,0.16690814259759726
PEPCO,day_of_month,0.013860625214874744,0.013860623782007732
PEPCO,is_blackfriday,0.0,0.0
PEPCO,is_thanksgiving,0.0,0.0
PEPCO,days_from_bf,0.11329497396945953,0.11329496225738822
PEPCO,peak_hour_lag_2d,0.039153166115283966,0.03915316206775513
PEPCO,peak_hour_lag_3d,0.028447935357689857,0.028447932416833473
PEPCO,peak_hour_lag_4d,0.026522217318415642,0.026522214576633816
PEPCO,peak_hour_lag_5d,0.032307904213666916,0.03230790087377932
PEPCO,peak_hour_lag_6d,0.02987719140946865,0.029877188320860358
PEPCO,peak_hour_lag_7d,0.11192173510789871,0.11192172353778844
PEPCO,peak_hour_lag_8d,0.026533497497439384,0.02653349475449145
PEPCO,peak_hour_lag_9d,0.02889573574066162,0.02889573275351307
PEPCO,peak_hour_bf_lag_1yr,0.09377267211675644,0.09377266242283813
PEPCO,peak_hour_bf_lag_2yr,0.048427533358335495,0.0484275283520523
PEPCO,peak_hour_bf_lag_3yr,0.021627945825457573,0.02162794358962985
PEPCO,peak_hour_bf_lag_4yr,0.060929276049137115,0.06092926975046383
PLCO,day_of_week,0.09125829488039017,0.0912582943704447
PLCO,month,0.15931180119514465,0.1593118003049206
PLCO,day_of_month,0.019008904695510864,0.019008904589290332
PLCO,is_blackfriday,0.0,0.0
PLCO,is_thanksgiving,0.0,0.0
PLCO,days_from_bf,0.11904119700193405,0.11904119633673953
PLCO,peak_hour_lag_2d,0.0637313649058342,0.06373136454970744
PLCO,peak_hour_lag_3d,0.047480687499046326,0.04748068723372731
PLCO,peak_hour_lag_4d,0.05633152276277542,0.05633152244799851
PLCO,peak_hour_lag_5d,0.04972846060991287,0.049728460332033445
PLCO,peak_hour_lag_6d,0.04040054976940155,0.040400549543645886
PLCO,peak_hour_lag_7d,0.1116776168346405,0.11167761621059319
PLCO,peak_hour_lag_8d,0.04747005179524422,0.04747005152998463
PLCO,peak_hour_lag_9d,0.03334473446011543,0.03334473427378721
PLCO,peak_hour_bf_lag_1yr,0.031383030116558075,0.03138302994119173
PLCO,peak_hour_bf_lag_2yr,0.06259185075759888,0.06259185040783966
PLCO,peak_hour_bf_lag_3yr,0.02672981284558773,0.02672981269622326
PLCO,peak_hour_bf_lag_4yr,0.04051012545824051,0.04051012523187254
PN,day_of_week,0.123048335313797,0.12304834104368188
PN,month,0.14605753123760223,0.14605753803893634
PN,day_of_month,0.022763947024941444,0.02276394808497038
PN,is_blackfriday,0.0,0.0
PN,is_thanksgiving,0.0,0.0
PN,days_from_bf,0.11103753745555878,0.11103754262614728
PN,peak_hour_lag_2d,0.05589031055569649,0.055890313158292
PN,peak_hour_lag_3d,0.048609524965286255,0.048609527228843756
PN,peak_hour_lag_4d,0.04078000411391258,0.040780006012879594
PN,peak_hour_lag_5d,0.034129586070775986,0.03412958766005876
PN,peak_hour_lag_6d,0.0423421636223793,0.042342165594090035
PN,peak_hour_lag_7d,0.13444113731384277,0.13444114357424639
PN,peak_hour_lag_8d,0.03774983808398247,0.03774983984184637
PN,peak_hour_lag_9d,0.028745688498020172,0.028745689836595666
PN,peak_hour_bf_lag_1yr,0.0511028915643692,0.05110289394403314
PN,peak_hour_bf_lag_2yr,0.04134303331375122,0.04134303523893632
PN,peak_hour_bf_lag_3yr,0.04314546659588814,0.04314546860500558
PN,peak_hour_bf_lag_4yr,0.03881295770406723,0.0388129595114365
PS,day_of_week,0.0424748919904232,0.042474892959589956
PS,month,0.19071467220783234,0.190714676559446
PS,day_of_month,0.005763645749539137,0.005763645881050568
PS,is_blackfriday,0.0,0.0
PS,is_thanksgiving,0.0,0.0
PS,days_from_bf,0.08751282095909119,0.08751282295590654
PS,peak_hour_lag_2d,0.046932805329561234,0.046932806400445996
PS,peak_hour_lag_3d,0.0686521902680397,0.06865219183450444
PS,peak_hour_lag_4d,0.04749534651637077,0.04749534760009126
PS,peak_hour_lag_5d,0.039276689291000366,0.03927669018719244
PS,peak_hour_lag_6d,0.1746622771024704,0.17466228108781007
PS,peak_hour_lag_7d,0.17566706240177155,0.17566706641003782
PS,peak_hour_lag_8d,0.022218139842152596,0.02221814034911286
PS,peak_hour_lag_9d,0.01085966732352972,0.010859667571319133
PS,peak_hour_bf_lag_1yr,0.03272488713264465,0.03272488787934161
PS,peak_hour_bf_lag_2yr,0.016650505363941193,0.016650505743862492
PS,peak_hour_bf_lag_3yr,0.01380391325801611,0.01380391357298557
PS,peak_hour_bf_lag_4yr,0.02459046244621277,0.024590463007303276
RECO,day_of_week,0.03863420709967613,0.038634205858334804
RECO,month,0.22706238925457,0.2270623819589129
RECO,day_of_month,0.006244377698749304,0.0062443774981135285
RECO,is_blackfriday,0.0,0.0
RECO,is_thanksgiving,0.0,0.0
RECO,days_from_bf,0.11270169168710709,0.11270168806593098
RECO,peak_hour_lag_2d,0.06877995282411575,0.06877995061417269
RECO,peak_hour_lag_3d,0.03336085006594658,0.03336084899404152
RECO,peak_hour_lag_4d,0.06113510951399803,0.06113510754968858
RECO,peak_hour_lag_5d,0.029837295413017273,0.02983729445432624
RECO,peak_hour_lag_6d,0.09514719247817993,0.0951471894210409
RECO,peak_hour_lag_7d,0.18936942517757416,0.18936941909301563
RECO,peak_hour_lag_8d,0.04397272318601608,0.04397272177314488
RECO,peak_hour_lag_9d,0.013699362054467201,0.013699361614298099
RECO,peak_hour_bf_lag_1yr,0.0365452878177166,0.03654528664349356
RECO,peak_hour_bf_lag_2yr,0.01642935536801815,0.016429354840132648
RECO,peak_hour_bf_lag_3yr,0.011261376552283764,0.011261376190448666
RECO,peak_hour_bf_lag_4yr,0.015819435939192772,0.015819435430904364
SMECO,day_of_week,0.030106384307146072,0.030106384244058874
SMECO,month,0.18657109141349792,0.1865710910225427
SMECO,day_of_month,0.002437060931697488,0.0024370609265906857
SMECO,is_blackfriday,0.0,0.0
SMECO,is_thanksgiving,0.0,0.0
SMECO,days_from_bf,0.13439232110977173,0.1343923208281559
SMECO,peak_hour_lag_2d,0.06216253712773323,0.062162536997473136
SMECO,peak_hour_lag_3d,0.06495022028684616,0.06495022015074454
SMECO,peak_hour_lag_4d,0.032656241208314896,0.03265624113988453
SMECO,peak_hour_lag_5d,0.038301266729831696,0.03830126664957232
SMECO,peak_hour_lag_6d,0.13219094276428223,0.1321909424872793
SMECO,peak_hour_lag_7d,0.1354285329580307,0.13542853267424348
SMECO,peak_hour_lag_8d,0.04478146508336067,0.04478146498952219
SMECO,peak_hour_lag_9d,0.03299213573336601,0.03299213566423179
SMECO,peak_hour_bf_lag_1yr,0.017450058832764626,0.01745005879619845
SMECO,peak_hour_bf_lag_2yr,0.044397350400686264,0.04439735030765269
SMECO,peak_hour_bf_lag_3yr,0.019443515688180923,0.019443515647437508
SMECO,peak_hour_bf_lag_4yr,0.021738877519965172,0.02173887747441188
UGI,day_of_week,0.04655531793832779,0.046555315033340726
UGI,month,0.21148765087127686,0.2114876376747417
UGI,day_of_month,0.012662078253924847,0.012662077463828782
UGI,is_blackfriday,0.013542408123612404,0.013542407278584979
UGI,is_thanksgiving,0.019631367176771164,0.019631365951801167
UGI,days_from_bf,0.10378232598304749,0.10378231950717474
UGI,peak_hour_lag_2d,0.030808638781309128,0.030808636858892936
UGI,peak_hour_lag_3d,0.08430285006761551,0.08430284480723496
UGI,peak_hour_lag_4d,0.053635310381650925,0.05363530703488219
UGI,peak_hour_lag_5d,0.09931572526693344,0.09931571906977037
UGI,peak_hour_lag_6d,0.03591938316822052,0.03591938092690099
UGI,peak_hour_lag_7d,0.129538431763649,0.1295384236806311
UGI,peak_hour_lag_8d,0.04478726163506508,0.04478725884040227
UGI,peak_hour_lag_9d,0.027002301067113876,0.02700229938220786
UGI,peak_hour_bf_lag_1yr,0.01929815113544464,0.019298149931266863
UGI,peak_hour_bf_lag_2yr,0.018677063286304474,0.018677062120881712
UGI,peak_hour_bf_lag_3yr,0.020463790744543076,0.020463789467631006
UGI,peak_hour_bf_lag_4yr,0.0285900067538023,0.02859000496982566
VMEU,day_of_week,0.0418316051363945,0.0418316026819954
VMEU,month,0.19229154288768768,0.19229153160530468
VMEU,day_of_month,0.012237578630447388,0.012237577912428035
VMEU,is_blackfriday,0.0,0.0
VMEU,is_thanksgiving,0.0,0.0
VMEU,days_from_bf,0.1354781836271286,0.13547817567817394
VMEU,peak_hour_lag_2d,0.1847328394651413,0.1847328286262525
VMEU,peak_hour_lag_3d,0.0329999104142189,0.03299990847800464
VMEU,peak_hour_lag_4d,0.03381398320198059,0.03381398121800198
VMEU,peak_hour_lag_5d,0.017846297472715378,0.01784629642561388
VMEU,peak_hour_lag_6d,0.10054395347833633,0.1005439475790889
VMEU,peak_hour_lag_7d,0.08201853930950165,0.08201853449720174
VMEU,peak_hour_lag_8d,0.025499926880002022,0.025499925383836684
VMEU,peak_hour_lag_9d,0.020206959918141365,0.020206958732531966
VMEU,peak_hour_bf_lag_1yr,0.05289609357714653,0.05289609047355717
VMEU,peak_hour_bf_lag_2yr,0.03480042517185211,0.03480042312999567
VMEU,peak_hour_bf_lag_3yr,0.014465671963989735,0.014465671115240752
VMEU,peak_hour_bf_lag_4yr,0.018336547538638115,0.018336546462772017
